Year,Loss Trend Index,Payroll Trend Index,Annual Loss Trend,Wage Trend
2013,0.87226035 ,1.18524333 ,0.98190396 ,1.01100000 
2014,0.88833571 ,1.17234751 ,0.99653801 ,1.03100000 
2015,0.89142180 ,1.13709748 ,0.94754077 ,1.03100000 
2016,0.94077408 ,1.10290736 ,0.98141784 ,1.01200000 
2017,0.95858670 ,1.08982940 ,0.97760000 ,1.01700000 
2018,0.98055104 ,1.07161200 ,0.99840000 ,1.02000000 
2019,0.98212244 ,1.05060000 ,0.99840000 ,1.02000000 
2020,0.98369635 ,1.03000000 ,0.98369635 ,1.03000000 
